module,label
Form Invertebrate Sampling,Fitz Data Export
Form Wtrq Laboratory Work Order,Data Export CSV
Form Wtrq Laboratory Work Order,Data Export
Form Wtrq Laboratory Work Order,Raw Export
Form Wtrq Insitu,Data TGP Export
Form Wtrq Insitu,Comments Export
Form Wtrq Insitu,Data Export
Form Wtrq Insitu,Google Earth
Form Wtrq Insitu,Photo Appendix
Form Wildlife Survey,Data Export
Form Wildlife Survey,Google KML Sites
Form Wildlife Survey,Camera Export
Form Wildlife Survey,Amphibian Pond Export
Form Wildlife Survey,Tailed Frog Export
Form Wildlife Survey,TF Fix Export
Form Wildlife Survey,Permit Report Export
Form Wildlife Survey,Riverine Bird Export
Form Wildlife Observations,Google Earth Species
Form Wildlife Observations,Google Earth UTM
Form Wildlife Observations,Google Earth
Form Wildlife Observations,OZI .wpt
Form Wildlife Observations,Data Export
Form Wildlife Observations,Download
Form Wildlife Habitat,Data Export
Form Wetland,Photo Appendix
Form Wetland,Data Export
Form Weather Station,Photo Appendix
Form Tailed Frog Habitat,Data Export
Form Stranding Delineation,Photo Appendix
Form Stranding Delineation,Data Export
Form Standard Fish Collection,Fish Photo Appendix
Form Standard Fish Collection,Photo Appendix
Form Standard Fish Collection,Complete Data Export
Form Standard Fish Collection,Compiled Export
Form Standard Fish Collection,Compiled Export (CSV)
Form Spawning Survey,Photo Appendix
Form Spawning Survey,Data Export
Form Site Card,Photo Appendix
Form Site Card,Data Export
Form Site Card,Google Earth
Form Rst Inspection,Photo Appendix
Form Rst Inspection,Data Export
Form Riparian Reveg Ltm,Data Export
Form Riparian Reveg Ltm,LTM Report
Form Riparian Assessment,Photo Appendix
Form Riparian Assessment,Data Export
Form Ramping Transect,Photo Appendix
Form Ramping Transect,Data Export
Form Ramping Transect,Zip Export
Form Ramping Transect,Logger Data
Form Ramping Logger Servicing,Data Export
Form Ramping Incident Stranding,Photo Appendix
Form Ramping Incident Stranding,Photo Appendix w/ Pins
Form Ramping Incident Stranding,Data Export
Form Ramping Incident Stranding,Search Summary
Form Ramping Incident Stranding,Ramping Summary
Form Ramping Incident Stranding,Linked Ramping Summary
Form Nest Sweep,Google Earth
Form Ramping Habitat,Photo Appendix
Form Ramping Habitat,Data Export
Form Periphyton,Data Export
Form Nest Sweep,Photo Appendix
Form Nest Sweep,GIS Export
Form Nest Sweep,Data Export
Form Ramping Incident Stranding,Pri & Sec Ramping Summary
Form Natural Stranding,Data Export
Form Natural Stranding,Photo Appendix
Form Minnow Trap,Fish Photo Appendix
Form Minnow Trap,Photo Appendix
Form Minnow Trap,Google Earth
Form Minnow Trap,Complete Data Export
Form Minnow Trap,Compiled Export
Form Mark Recap Transect,Photo Appendix
Form Mark Recap Transect,Zip Export
Form Mark Recap Transect,Transect Data
Form Mark Recap Habitat,Photo Appendix
Form Mark Recap Habitat,Data Export
Form Mark Recap,Photo Appendix
Form Mark Recap,Fish Photo Appendix
Form Mark Recap,Complete Data Export
Form Mark Recap,Compiled Export
Form Limnology Station,Photo Appendix
Form Limnology Station,Data Export
Form Invertebrate Sampling,Full Data Export
Form Invertebrate Sampling,Summary Data Export
Form Invertebrate Sampling,Google Earth
Form Invertebrate Sampling,Photo Appendix
Form Electrofishing,Photo Appendix
Form Electrofishing,Fish Photo Appendix
Form Electrofishing,Google Earth
Form Electrofishing,Transect Inside Nets
Form Electrofishing,Transect All Nets
Form Electrofishing,Minnow Trap Data Export
Form Electrofishing,Sampling Summary Export
Form Electrofishing,Fish Data Export
Form Electrofishing,Compiled Export
Form Electrofishing,Transect Data
Form Fish Snorkel,Photo Appendix
Form Fish Snorkel,Complete Data Export
Form Fish Snorkel,Compiled Export
Form Ifs,Photo Appendix
Form Ifs,Transect Data
Form Ifs,Logger Data
Form Gill Net,Photo Appendix
Form Gill Net,Complete Data Export
Form Gill Net,Fish Data Export
Form Gill Net,Compiled Export
Form Fish Salvage,Data Export
Form Fish Habitat Gravel,Photo Appendix
Form Fish Habitat Gravel,Data Export
Form Fish Habitat Assessment,Photo Appendix
Form Fish Habitat Assessment,Data Export
Form Facility Inspection,Data Export
Form Beach Seine,Data Export
Form Beach Seine,Photo Appendix
Form Barrier Assessment,Photo Appendix
Form Barrier Assessment,Google Earth
Form Barrier Assessment,Data Export
Form Angling,Photo Appendix
Form Angling,Photo Appendix
Form Angling,Data Export
Form Angling,Google Earth
